Phase,Priority,Duration,Task,Description,Effort,Dependencies,Key Deliverables
FASE 1 - SEGURANÇA CRÍTICA,CRÍTICA,2-3 semanas,1. Implementar HTTPS/SSL,Configurar certificados SSL/TLS para todas as conexões,3-5 dias,,Certificados configurados; Redirecionamento HTTP->HTTPS; Headers de segurança
FASE 1 - SEGURANÇA CRÍTICA,CRÍTICA,2-3 semanas,2. Secrets Management,Implementar gestão segura de credenciais e chaves,2-3 dias,,Vault/AWS Secrets Manager; Variáveis de ambiente seguras; Rotação de chaves
FASE 1 - SEGURANÇA CRÍTICA,CRÍTICA,2-3 semanas,3. Rate Limiting & DDoS Protection,Implementar proteção contra ataques de força bruta,2 dias,,Middleware de rate limiting; WAF configurado; Alertas automáticos
FASE 1 - SEGURANÇA CRÍTICA,CRÍTICA,2-3 semanas,4. Database Security Hardening,Fortalecer segurança do PostgreSQL e Redis,3-4 dias,Secrets Management,PostgreSQL hardening; Redis authentication; Conexões SSL; Audit logs
FASE 1 - SEGURANÇA CRÍTICA,CRÍTICA,2-3 semanas,5. Content Security Policy (CSP),Implementar CSP para prevenir XSS,1-2 dias,,CSP headers; Script validation; Inline script removal
FASE 1 - SEGURANÇA CRÍTICA,CRÍTICA,2-3 semanas,6. Vulnerability Scanning,Implementar análise automatizada de vulnerabilidades,2-3 dias,,SAST tools; Dependency scanning; Container scanning; Relatórios automáticos
FASE 2 - INFRAESTRUTURA E QUALIDADE,ALTA,3-4 semanas,1. CI/CD Pipeline,Implementar pipeline completo de integração e deploy,5-7 dias,Secrets Management; Vulnerability Scanning,GitHub Actions; Automated testing; Deployment automation; Rollback strategy
FASE 2 - INFRAESTRUTURA E QUALIDADE,ALTA,3-4 semanas,2. Monitoring & Observability,Implementar monitoramento completo do sistema,4-5 dias,,Prometheus/Grafana; ELK Stack; APM; Alertmanager; Dashboards
FASE 2 - INFRAESTRUTURA E QUALIDADE,ALTA,3-4 semanas,3. Automated Testing,Implementar suite completa de testes,5-6 dias,,Unit tests; Integration tests; E2E tests; Coverage reports; Test automation
FASE 2 - INFRAESTRUTURA E QUALIDADE,ALTA,3-4 semanas,4. Logging & Audit,Centralizar logs e implementar auditoria,3-4 dias,Monitoring & Observability,Centralized logging; Log aggregation; Audit trails; SIEM integration
FASE 2 - INFRAESTRUTURA E QUALIDADE,ALTA,3-4 semanas,5. Backup & Disaster Recovery,Implementar estratégia robusta de backup,3-4 dias,Database Security,Automated backups; Point-in-time recovery; Disaster recovery plan; RTO/RPO metrics
FASE 2 - INFRAESTRUTURA E QUALIDADE,ALTA,3-4 semanas,6. Health Checks & Resilience,Implementar health checks e circuit breakers,2-3 dias,,Health endpoints; Circuit breakers; Graceful degradation; Auto-scaling
FASE 3 - OTIMIZAÇÃO E ESCALABILIDADE,MÉDIA,2-3 semanas,1. Performance Optimization,Otimizar performance do sistema,4-5 dias,Monitoring,Database indexing; Query optimization; Caching strategy; CDN setup
FASE 3 - OTIMIZAÇÃO E ESCALABILIDADE,MÉDIA,2-3 semanas,2. Container Optimization,Otimizar imagens Docker e orchestration,2-3 dias,,Multi-stage builds; Image scanning; Resource limits; Security contexts
FASE 3 - OTIMIZAÇÃO E ESCALABILIDADE,MÉDIA,2-3 semanas,3. API Documentation,Melhorar documentação da API,2-3 dias,,OpenAPI specs; Interactive docs; SDK generation; API versioning
FASE 3 - OTIMIZAÇÃO E ESCALABILIDADE,MÉDIA,2-3 semanas,4. Code Quality & Review,Implementar processo rigoroso de qualidade,3-4 dias,CI/CD Pipeline,SonarQube; Code review rules; Quality gates; Technical debt tracking
FASE 3 - OTIMIZAÇÃO E ESCALABILIDADE,MÉDIA,2-3 semanas,5. Advanced Caching,Implementar estratégia avançada de cache,2-3 dias,Performance Optimization,Redis clustering; Cache invalidation; Cache warming; Edge caching
FASE 4 - FUNCIONALIDADES AVANÇADAS,BAIXA,4-6 semanas,1. External Tool Integration,Integrar com ferramentas externas de segurança,7-10 dias,API Documentation,SIEM integration; Threat intelligence feeds; Vulnerability databases; Compliance tools
FASE 4 - FUNCIONALIDADES AVANÇADAS,BAIXA,4-6 semanas,2. Advanced Reporting,Implementar sistema avançado de relatórios,5-7 dias,Performance Optimization,Report engine; Custom dashboards; Scheduled reports; Export capabilities
FASE 4 - FUNCIONALIDADES AVANÇADAS,BAIXA,4-6 semanas,3. Workflow Automation,Automatizar workflows de segurança,5-7 dias,External Tool Integration,Workflow engine; Rule-based automation; Notification system; Escalation procedures
FASE 4 - FUNCIONALIDADES AVANÇADAS,BAIXA,4-6 semanas,4. ML/AI Implementation,Implementar detecção inteligente com ML,10-15 dias,Advanced Reporting; Workflow Automation,ML models; Anomaly detection; Predictive analytics; AI-powered insights 